num,seperate,asOne,edgehotMovies,worldwideHotMovies
25,0.46285714285714286,0.42857142857142855,0.3314285714285714,0.41714285714285715
