num,ga,traditional
1000,16.106467303006482,18.994490297760663
